"Anchor","https://technioz.com BacklinksCount","http://toxsl.ae BacklinksCount","https://code-brew.com/ BacklinksCount"
"https://technioz.com","1","0","0"
"Custom Mobile App Development Company in Dubai | ToXSL Technologies","0","546","0"
"Best Mobile app development company in Dubai","0","148","0"
"ToXSL Technologies Provides Reliable Web App Development Services in Dubai","0","109","0"
"mobile app development team","0","92","0"
"Embrace The Future of Mobile App Development In Dubai - ToXSL technologies.","0","89","0"
"https://toxsl.ae/mobile-app-development-company-dubai","0","77","0"
"https://toxsl.ae/web-application-development-company","0","68","0"
"mobile app development company in Dubai","0","67","167"
"ToXSL Technologies","0","67","0"
"building mobile apps","0","66","0"
"https://toxsl.ae/","0","56","0"
"mobile app development","0","48","0"
"toxsl.ae","0","38","0"
"Develop the app","0","28","0"
"web app development company in Dubai","0","27","0"
"fitness app development company","0","27","18"
"mobile app development company","0","25","0"
"app development company","0","25","111"
"How to Hire the Best AI Developer for Your Custom Project","0","24","0"
"develop chatbots","0","22","0"
"Top - Tire Mobile App Development Company in Dubai- ToXSL Technologies","0","20","0"
"software development company","0","20","10"
"mobile apps","0","18","0"
"web application development company in Dubai","0","17","0"
"web app development company","0","17","0"
"https://toxsl.ae/mobile-app-development-company-in-saudi-arabia","0","15","0"
"web design company in Dubai","0","14","0"
"Web Development Company in Dubai","0","11","0"
"Mobile app developers","0","11","0"
"web app development services in Dubai","0","10","0"
"cybersecurity","0","10","0"
"web development","0","9","0"
"mobile app developers in Dubai","0","9","0"
"chatbots","0","8","0"
"software development","0","8","0"
"mobile app development company in Saudi Arabia","0","7","0"
"Android app development company in Dubai","0","7","0"
"Flutter app development company","0","7","0"
"View product on company website","0","7","0"
"AI developers","0","6","0"
"app development","0","6","12"
"mobile app","0","6","0"
"Generative AI provides","0","6","0"
"payment gateways","0","5","0"
"Mobile App Development Services","0","5","0"
"Web App Development","0","5","0"
"web app development in Dubai","0","5","0"
"software app development company","0","5","0"
"Visit Website","0","5","78"
"website design company in Dubai","0","5","0"
"according to industry analysis","0","5","0"
"Web App Development Services in UAE","0","5","0"
"mobile app development companies","0","5","7"
"digital marketing","0","5","0"
"secure payment gateways","0","5","0"
"https://toxsl.ae","0","5","0"
"toxsl.ae/mobile-app-development-company-dubai","0","5","0"
"Flutter app development company in Dubai","0","5","0"
"Generative AI","0","5","0"
"web application service","0","5","0"
"web design company","0","5","0"
"web app development company in Dubai,","0","5","0"
"development for Android mobile app development","0","5","0"
"Web app development company in Dubai.","0","5","0"
"chatbot","0","4","0"
"Modern fintech apps","0","4","0"
"skilled developers","0","4","0"
"Web Design Company in Dubai,","0","4","0"
"mobile app development company in Abu Dhabi","0","4","4"
"development costs","0","4","0"
"Android app development company","0","4","0"
"mobile app development company UAE","0","4","4"
"Website","0","4","63"
"custom software development","0","4","0"
"web application development company in Dubai,","0","4","0"
"cost of software development","0","3","0"
"build software","0","3","0"
"software solutions","0","3","0"
"Create React App","0","3","0"
"React Native app development company in Dubai","0","3","0"
"developing a successful mobile application","0","3","0"
"cost of creating a recipe mobile app","0","3","0"
"developing software","0","3","0"
"software development services","0","3","0"
"Android app development in Dubai","0","3","0"
"iOS app development company in Dubai","0","3","0"
"supply chain management","0","3","0"
"Mobile Application Development Company in Dubai","0","3","0"
"Android app development companies in the UAE","0","3","0"
"develop mobile-based CRM software","0","3","0"
"Telemedicine app","0","3","0"
"customer relationship stronger","0","3","0"
"leading website development company","0","3","0"
"cost of developing a mobile app","0","3","0"
"robust cybersecurity strategy","0","3","0"
"ERP software","0","3","0"
"develop Telecommunication apps using Gen AI","0","3","0"
"software development companies","0","3","0"
"how much does app maintenance cost","0","3","0"
"Developing a mobile app","0","3","0"
"custom mobile app development companies in Dubai","0","3","0"
"Software Development Company in Dubai","0","3","0"
"hire mobile app developers","0","3","0"
"iOS and Android","0","3","0"
"mobile application development company","0","3","0"
"web design company in Dubai.","0","3","0"
"cybersecurity services","0","3","0"
"developing a new mobile application","0","3","0"
"website development company in Dubai","0","3","0"
"mobile app development process","0","3","7"
"web applications","0","3","0"
"outsourced software development company","0","3","0"
"SaaS companies","0","3","0"
"develop the app for Android","0","3","0"
"software development companies in Dubai","0","3","0"
"mobile development","0","3","0"
"developers","0","3","0"
"Flutter app development services in Dubai","0","3","0"
"mobile app development in 2024","0","3","0"
"Document management software","0","3","0"
"ERP tools","0","2","0"
"develop software systems","0","2","0"
"website design agency","0","2","0"
"Android app development company in Saudi Arabia","0","2","0"
"telemedicine applications","0","2","0"
"progressive web apps (PWAs)","0","2","0"
"Web application development","0","2","0"
"AI chatbots","0","2","40"
"development of mobile apps","0","2","0"
"fintech app development company","0","2","57"
"$898 billion by 2029 ,","0","2","0"
"pay when they look forward to developing a SaaS-based mobile application","0","2","0"
"app development solutions","0","2","0"
"CRM","0","2","7"
"secure payment gateway integration","0","2","0"
"cost of developing an eCommerce app in UAE","0","2","0"
"web development in Dubai","0","2","0"
"Android application development Company Dubai","0","2","0"
"develop high-quality iOS apps","0","2","0"
"software services company","0","2","0"
"cost of developing","0","2","0"
"artificial intelligence","0","2","0"
"app developers in Dubai","0","2","0"
"mobile developer","0","2","0"
"How Much Does it Cost to Build a Mobile App in Saudi Arabia?","0","2","0"
"mobile apps development company","0","2","0"
"iOS app development","0","2","0"
"cost of Android app","0","2","0"
"app ekuvandudza makambani","0","2","0"
"developers to build applications","0","2","0"
"web application development company in Dubai.","0","2","0"
"eCommerce app development in Dubai","0","2","0"
"web application framework developed","0","2","0"
"The Ultimate Guide to Estimating Real Estate App Development Cost in UAE","0","2","0"
"scalable iOS solutions","0","2","0"
"developers to build apps","0","2","0"
"iOS Mobile App development Dubai","0","2","0"
"develop an app like Ask AI","0","2","0"
"Native app development","0","2","0"
"telemedicine","0","2","0"
"toxsl.ae/","0","2","0"
"Billing software in USA","0","2","0"
"supply chain processes.","0","2","0"
"web application development company","0","2","0"
"Custom ERP Software in Healthcare: A Comprehensive Guide","0","2","0"
"mobile app developer","0","2","0"
"UAE","0","2","0"
"developing high-quality mobile applications","0","2","0"
"software engineer","0","2","0"
"DevOps in healthcare","0","2","0"
"https://toxsl.ae/blog/165/how-saudi-data-and-ai-authority-sdaia-is-reshaping-saudi-arabias-economic-landscape","0","2","0"
"developing a sports app","0","2","0"
"website design company","0","2","0"
"custom android app development company","0","2","0"
"mobile app development company in Dubai,","0","2","0"
"payment gateway","0","2","0"
"ecommerce Development Company UAE","0","2","0"
"How to Build Custom Supply Chain Management Software","0","2","0"
"AI development","0","2","5"
"Efficient inventory management","0","2","0"
"Cybersecurity software solutions","0","2","0"
"How Much Does It Cost To Develop Inventory Management Software","0","2","0"
"project management platforms","0","2","0"
"web developer","0","2","0"
"mobile app development Dubai","0","2","51"
"custom PHP web application development","0","2","0"
"Web design and development services","0","2","0"
"ToXSL Technologies UAE","0","2","0"
"mobile applications,","0","2","0"
"asset tracking management software","0","2","0"
"develop a mobile app","0","2","0"
"web development company","0","2","0"
"mobile development team","0","2","0"
"app development process","0","2","0"
"web development company in Dubai,","0","2","0"
"develop custom ERP software","0","2","0"
"web design","0","2","0"
"Android app development company in UAE","0","2","0"
"Custom Web App Development Company in Dubai  - ToXSL Technologies","0","2","0"
"mobile app development in Saudi Arabia","0","2","0"
"Web Application Development Company Dubai","0","2","0"
"Android app development services","0","2","0"
"Android app development agency in Dubai","0","2","0"
"web app","0","2","0"
"develop a simple web app","0","2","0"
"Mobile Development Services,","0","2","0"
"cost of web app development","0","2","0"
"developing mobile apps","0","2","0"
"custom ios app development company in uae","0","2","0"
"eCommerce","0","2","0"
"AI language model","0","2","0"
"app development company in Dubai","0","2","34"
"CRM platforms","0","2","0"
"Android application development","0","2","0"
"eCommerce app","0","2","0"
"asset management","0","2","0"
"SCM software","0","2","0"
"Dubai App Development Experts","0","2","0"
"create a music app","0","2","0"
"Python app development in UAE","0","2","0"
"fine-tune LLMs","0","2","0"
"agentic AI","0","2","0"
"custom website development","0","2","0"
"eCommerce website development","0","2","0"
"Best Web Design Company in Dubai | ToXSL Technologies","0","1","0"
"developing a user-friendly dating app","0","1","0"
"services to help businesses establish","0","1","0"
"developing custom software","0","1","0"
"cost of developing enterprise software","0","1","0"
"Create Powerful Mobile Apps with ToXSL Technologies – Leading Developers in Saudi Arabia","0","1","0"
"Custom payment software solutions","0","1","0"
"A Step-by-Step Guide to Ticket Booking App Development in 2026","0","1","0"
"payment features","0","1","0"
"React Native Mobile app development in Dubai","0","1","0"
"enterprise ERP systems","0","1","0"
"http://toxsl.ae/","0","1","0"
"Python application development firm in Dubai,","0","1","0"
"costs to develop an app","0","1","0"
"making mobile apps","0","1","0"
"software development company.","0","1","0"
"AI app development companies","0","1","0"
"app development costs","0","1","0"
"well-designed website","0","1","0"
"custom software development services in Dubai","0","1","0"
"Top Mobile App Development Company in Saudi Arabia","0","1","0"
"develop mobile apps","0","1","0"
"Transportation Management Systems","0","1","0"
"web application development companies","0","1","0"
"software development solutions","0","1","0"
"web application development services in Duba","0","1","0"
"launch your betting software development platform","0","1","0"
"web app development companies in Dubai","0","1","0"
"developing an mobile app","0","1","0"
"custom mobile app development services in Dubai","0","1","0"
"Contactless NFC payments","0","1","0"
"professional web design company","0","1","0"
"mobile company","0","1","0"
"websites","0","1","0"
"ERP software solutions","0","1","0"
"Leading Andriod app development company in Dubai","0","1","0"
"build a custom app","0","1","0"
"web development company in Sharjah","0","1","0"
"native iOS app development services","0","1","0"
"application developers in Dubai","0","1","0"
"companies in Saudi Arabia","0","1","0"
"build your retail software","0","1","0"
"Django framework services","0","1","0"
"custom mobile app development company Dubai","0","1","0"
"software development services in Abu Dhabi","0","1","0"
"web developers","0","1","0"
"develop a similar application","0","1","0"
"cost to develop transport and logistic app","0","1","0"
"custom iPhone app development company","0","1","0"
"make a better mobile app","0","1","0"
"create an app like Tinder","0","1","0"
"Android App Development company in Dubai.","0","1","0"
"container software can boost supply chain","0","1","0"
"UAE App Developers","0","1","0"
"banking industry","0","1","0"
"Digital Marketing Services","0","1","0"
"creating custom mobile apps","0","1","0"
"Web App Development Company Dubai","0","1","0"
"Custom Mobile App Development Company in Dubai","0","1","0"
"Python app development","0","1","0"
"develop a pharmacy delivery app","0","1","0"
"Web Development Company in Duba","0","1","0"
"develop a custom AI solution or a chatbot","0","1","0"
"web application company in Dubai","0","1","0"
"mobile app development services Dubai","0","1","0"
"application","0","1","0"
"app developers","0","1","4"
"iPhone app development","0","1","0"
"mobile app development compa ny  dubai","0","1","0"
"project management solutions","0","1","0"
"Android app developers","0","1","0"
"web application development services Dubai","0","1","0"
"trusted partner for businesses in Dubai","0","1","0"
"mobile app development company in UAE","0","1","15"
"mobile app development company in Riyadh","0","1","0"
"mobile app development company","0","1","0"
"generative AI chatbots","0","1","0"
"python development company dubai","0","1","0"
"develops apps","0","1","0"
"0% discount on Mobile App Services in UAE","0","1","0"
"healthcare industry","0","1","0"
"cost of developing native apps","0","1","0"
"mobile app development services in Dubai","0","1","0"
"hire mobile app development company","0","1","0"
"iOS app development company in Dubai.","0","1","0"
"food service providers","0","1","0"
"W eb App Development Company in Dubai","0","1","0"
"Application Development company Dubai","0","1","0"
"CRM systems","0","1","0"
"custom mobile app development","0","1","0"
"Web App Development company in Duba","0","1","0"
"Ecommerce development companies in the UAE","0","1","0"
"healthcare providers","0","1","0"
"mobile app development partner","0","1","4"
"website development company","0","1","0"
"leading mobile app development company","0","1","0"
"mobile app development company in Egypt","0","1","0"
"mobile app development comapny","0","1","0"
"Construction Management Software Costs: A Complete Guide","0","1","0"
"Progressive Web Apps","0","1","0"
"LLMs in enterprises","0","1","0"
"custom app development company","0","1","0"
"app development companies","0","1","4"
"React Native development services","0","1","0"
"Hiring Android developers","0","1","0"
"Android app development","0","1","12"
"managing energy","0","1","0"
"mobile app development companies in Kuwait","0","1","0"
"Visit my website","0","1","0"
"Website Development Company in Abu Dhabi","0","1","0"
"app development projects","0","1","0"
"implementation of chatbots","0","1","0"
"cost to develop a pharmacy app","0","1","0"
"award-winning mobile app development company in Dubai","0","1","0"
"Supermarkets and Grocery Stores","0","1","0"
"mobile app development company,","0","1","0"
"Web App Development Comapny in Dubai","0","1","0"
"Be part of an organisation","0","1","0"
"banking systems","0","1","0"
"developing Android apps","0","1","0"
"autonomous AI agents","0","1","0"
"developing a successful mobile app","0","1","0"
"software development teams","0","1","0"
"cost of a developer","0","1","0"
"https://toxsl.ae/software-development-company-dubai","0","1","0"
"developing a mobile app in Dubai","0","1","0"
"mobile app solutions","0","1","0"
"Website Design Company Dubai","0","1","0"
"supermarkets and grocery businesses","0","1","0"
"iOS app development services in Dubai","0","1","0"
"application development company in Dubai","0","1","0"
"Warehouse Management Systems","0","1","0"
"iOS developers","0","1","0"
"mobile app development company dubai","0","1","0"
"Integrating AI in CRM software","0","1","0"
"Taxi App Development Services","0","1","0"
"How Much Does It Cost To Develop Inventory Management Software?","0","1","0"
"iPhone app development company in Dubai","0","1","0"
"building basic web applications","0","1","0"
"web application development company Dubai,","0","1","0"
"Generative AI models","0","1","0"
"Mobile App Development Company in Dubai.","0","1","0"
"eCommerce app development company in Dubai","0","1","0"
"https://toxsl.ae/blog/145/how-to-hire-expert-react-js-developers-a-complete-guide","0","1","0"
"software application","0","1","0"
"create successful mobile apps","0","1","0"
"mobile app development company based in Cairo","0","1","0"
"Top Android app Development Companies In Dubai, UAE","0","1","0"
"grocery delivery platforms","0","1","0"
"create a web app","0","1","0"
"Custom Software Development Company in UAE","0","1","0"
"app development experts in Dubai","0","1","0"
"Custom Mobile App Development Company in Dubai, UAE","0","1","0"
"software development partner","0","1","0"
"Fine-tuning","0","1","0"
"B2B banking","0","1","0"
"web development offers","0","1","0"
"cost to develop custom software","0","1","0"
"create software solutions","0","1","0"
"Belong to a team","0","1","0"
"Software-as-a-service provider","0","1","0"
"top-rated digital marketing company","0","1","0"
"app development companies in dubai","0","1","0"
"Flutter App Development Services","0","1","0"
"cost to add NFC cards to your existing CRM","0","1","0"
"logistics","0","1","0"
"Launch an app development","0","1","0"
"Hire software developers","0","1","0"
"custom Android app development services","0","1","0"
"web development comapny in Dubai","0","1","0"
"real estate app development","0","1","17"
"enterprise software solutions","0","1","0"
"development and maintenance costs","0","1","0"
"project management software","0","1","0"
"https://toxsl.ae/blog/156/the-role-of-artificial-intelligence-in-saudi-arabia-s-vision-2030","0","1","0"
"AI-powered retail solutions","0","1","0"
"Python application development company Dubai","0","1","0"
"app development services","0","1","0"
"No.1 Mobile App Development Company UAE – Trusted & Professional Services","0","1","0"
"iOS app development service","0","1","0"
"Das Produkt auf der Firmen Webseite finden","0","1","0"
"toxsl.aemobile-app-development-company-dubai","0","1","0"
"web development companies in Abu Dhabi","0","1","0"
"LLMs","0","1","0"
"delivering cutting-edge mobile solutions","0","1","0"
"Android app development in Abu Dhabi","0","1","0"
"developing a maintenance app","0","1","0"
"web developers and companies","0","1","0"
"Website Development Company in Abu Dhabi.","0","1","0"
"professional web application development company","0","1","0"
"React Native App development Company Dubai","0","1","0"
"supply chain solutions","0","1","0"
"healthcare costs","0","1","0"
"mobile app development companies in Dubai","0","1","0"
"website design services","0","1","0"
"cybercriminals","0","1","0"
"Web Design Agency in Dubai","0","1","0"
"cost of developing the software","0","1","0"
"mobile app developer in Dubai","0","1","0"
"Top Managed IT Services Companies in Dubai","0","1","0"
"CRM Development Services","0","1","0"
"creating an app","0","1","0"
"web app development company in Dubai,","0","1","0"
"custom mobile app development services","0","1","0"
"building a chatbot","0","1","0"
"web design services in Duba","0","1","0"
"custom mobile app","0","1","0"
"AI solutions are simplifying supply chain automation","0","1","0"
"travel booking app development","0","1","0"
"website development in Dubai","0","1","0"
"custom software development company","0","1","0"
"mobile applications","0","1","0"
"React Native developers","0","1","0"
"cross platform app development Kuwait","0","1","0"
"Mobile App Development Cost in Dubai","0","1","0"
"best mobile app developers","0","1","0"
"Leading Web App Development Company in Dubai | ToXSL Technologies","0","1","0"
"How To Develop Custom Payment Gateway","0","1","0"
"build proactive AI agents","0","1","0"
"customer relationship management (CRM)","0","1","0"
"python application development","0","1","0"
"digital healthcare solutions","0","1","0"
"Android apps for Dubai companies","0","1","0"
"mobile app developer in UAE","0","1","0"
"​TOXSL TECHNOLOGIES CO. L.L.C","0","1","0"
"Developing mobile apps for Android and iOS","0","1","0"
"developers to develop apps","0","1","0"
"Android and iOS app development","0","1","0"
"Android app developers in Saudi Arabia","0","1","0"
"telemedicine consultations","0","1","0"
"best app development services in Abu Dhabi","0","1","0"
"mobile app development company in the Middle Eas","0","1","0"
"develop an on-demand pickup and drop application","0","1","0"
"mobile and web app development","0","1","0"
"software development agency","0","1","0"
"Mobile app development costs in UAE","0","1","0"
"e-commerce app development costs in Dubai","0","1","0"
"grocery delivery apps","0","1","0"
"web app development services dubai","0","1","0"
"PWA development Dubai services","0","1","0"
"web app development company in UAE","0","1","0"
"How Dubai's Web App Innovators are Transforming the Tech Industry","0","1","0"
"application development","0","1","0"
"hire developers to create an Android app","0","1","0"
"website design company in UAE","0","1","0"
"integrating AI chatbots","0","1","0"
"mobile app development in Dubai","0","1","30"
"web application development company in UAE","0","1","0"
"mobile companies","0","1","0"
"develop a mobile app in Duba","0","1","0"
"ToXSL","0","1","0"
"Enterprise Resource Planning","0","1","0"
"development team","0","1","0"
"Web and software development company in Dubai","0","1","0"
"creating mobile apps","0","1","0"
"native mobile app development","0","1","0"
"healthcare CRM development app cost","0","1","0"
"Web Application Development Company Dubai.","0","1","0"
"Building custom employee time tracking app","0","1","0"
"Why ToXSL Technologies Is an Ideal Partner For Software Development Services","0","1","0"
"eCommerce app development may help your business grow","0","1","0"
"IoT Application Services","0","1","0"
"Code Brew Labs","0","0","1978"
"#1 Top-Notch Mobile App Development Company | UAE","0","0","777"
"Top Level Mobile App Development In Dubai | Code Brew Labs","0","0","549"
"#1 On-Demand App Development Dubai | UAE","0","0","512"
"Leading App development Company Dubai - UAE","0","0","404"
"Machine learning","0","0","216"
"https://www.code-brew.com/mobile-app-development-company-developers-dubai/","0","0","169"
"Mobile App Development Company","0","0","144"
"www.code-brew.com/mobile-app-development-company-developers-dubai/","0","0","139"
"generative AI","0","0","127"
"code-brew.com","0","0","122"
"AI development company","0","0","100"
"Hire Android Developer","0","0","91"
"elearning app development company","0","0","85"
"Dubai’s Trusted App Development Company for Business-Driven Mobile Solutions","0","0","80"
"taxi app development company","0","0","79"
"Mobile app development","0","0","78"
"dating app development company","0","0","71"
"https://www.code-brew.com/","0","0","69"
"Mobile App Development Company in Dubai | App development Dubai - Code Brew Labs","0","0","64"
"mobile app development company Dubai","0","0","63"
"app development Dubai","0","0","62"
"food delivery app solution","0","0","61"
"Salon App Development Company","0","0","59"
"AI app development","0","0","54"
"budget $15,000–$25,000 per year","0","0","50"
"healthcare app development","0","0","46"
"Uber Clone","0","0","44"
"healthcare software development services","0","0","42"
"https://www.code-brew.com/ai-in-supply-chain-management/","0","0","41"
"Top 10 AI Development Companies in Dubai, UAE","0","0","39"
"www.code-brew.com","0","0","38"
"AI integration","0","0","37"
"app development company Dubai","0","0","37"
"AI development services","0","0","37"
"healthcare app development company","0","0","35"
"delivery app development","0","0","34"
"iphone application development in dubai","0","0","34"
"https://www.code-brew.com/ai-healthcare-software-development-company/","0","0","33"
"Natural Language Processing","0","0","30"
"AI app development company","0","0","29"
"Uber like app development","0","0","29"
"https://www.code-brew.com/ai-development-company/","0","0","28"
"taxi app development","0","0","28"
"https://www.code-brew.com/on-demand-delivery-app/","0","0","26"
"Privacy Policy","0","0","25"
"AI chatbot development","0","0","25"
"fitness app development","0","0","25"
"Mobile Application Development","0","0","23"
"shield","0","0","23"
"taxi dispatch software","0","0","22"
"Salon App Development Services","0","0","22"
"https://www.code-brew.com/ecommerce-app-development-dubai/","0","0","22"
"online marketplace development","0","0","21"
"AI-powered chatbots","0","0","21"
"Code Brew","0","0","20"
"Portfolio","0","0","20"
"dating app development","0","0","20"
"http://www.code-brew.com","0","0","20"
"https://www.code-brew.com/uber-like-app-development/","0","0","19"
"AI fitness app development company","0","0","19"
"Make uber like app","0","0","19"
"hire a developer","0","0","17"
"On-Demand App Development","0","0","17"
"hire top developers","0","0","17"
"create food delivery app","0","0","17"
"AI chatbot development company","0","0","17"
"healthcare software development company","0","0","16"
"Food delivery app development","0","0","16"
"AI consulting services","0","0","16"
"build marketplace platform","0","0","16"
"AI consulting company","0","0","15"
"https://www.code-brew.com/delivery-management-software/","0","0","15"
"generative AI development services","0","0","15"
"AI Healthcare App Development company","0","0","15"
"AI Integration Services","0","0","14"
"create delivery app","0","0","14"
"Machine Learning (ML)","0","0","14"
"AI-powered dating app development","0","0","14"
"Launch Your Own Custom Mobile App & Website","0","0","14"
"How we work","0","0","14"
"Why Choose us","0","0","14"
"AI fitness app development","0","0","13"
"create online marketplace","0","0","13"
"fintech app development","0","0","13"
"delivery app builder","0","0","13"
"https://www.code-brew.com/uber-clone/","0","0","13"
"marketplace app development","0","0","13"
"healthcare app development companies","0","0","12"
"Build uber app","0","0","12"
"Create uber like app","0","0","12"
"Create  A Fitness App In the USA - Code Brew Labs","0","0","12"
"AI application development","0","0","12"
"Real estate","0","0","12"
"Create taxi app","0","0","12"
"iOS App Development","0","0","12"
"Ecommerce app builder","0","0","12"
"top mobile app development companies in Dubai","0","0","11"
"fintech app development company in Dubai","0","0","11"
"SaaS development company","0","0","11"
"dating app development company in Dubai","0","0","11"
"ecommerce app development","0","0","11"
"AI-powered mobile applications","0","0","11"
"build taxi app","0","0","11"
"AI automation","0","0","11"
"Enhance Your Delivery Operations with Software Delivery Management","0","0","10"
"Grocery Delivery","0","0","10"
"AI-powered automation","0","0","10"
"financial software development company","0","0","10"
"https://www.code-brew.com/build-your-online-marketplace-platform/","0","0","10"
"Make Marketplace Website","0","0","10"
"ecommerce app development Dubai","0","0","10"
"real estate app development company","0","0","10"
"OTT platform development","0","0","10"
"CodeBrew Labs","0","0","10"
"AI-powered fitness applications","0","0","10"
"Best social media app development company in the USA","0","0","10"
"Laundry","0","0","9"
"dating app development companies","0","0","9"
"AI Chatbot","0","0","9"
"machine learning model development","0","0","9"
"E-commerce","0","0","9"
"build delivery app","0","0","9"
"https://www.code-brew.com/taxi-app-development-company/","0","0","9"
"AI food delivery app development company in Dubai","0","0","9"
"Live streaming app development","0","0","9"
"AI-powered fintech app development","0","0","9"
"Best Elearning App Development Company","0","0","9"
"Code Brew Labs: Superb Food Delivery App Development Company","0","0","9"
"AI-powered solutions","0","0","9"
"https://www.code-brew.com/taxi-app-development/","0","0","9"
"AI Agents for Finance: Reshaping the Financial Services in 2025","0","0","9"
"AI Agent Development Company","0","0","9"
"رابط الشركة","0","0","9"
"top dating app development companies","0","0","9"
"make delivery app","0","0","9"
"AI Real Estate App Development Company","0","0","9"
"Real estate tokenization","0","0","9"
"online marketplace builder","0","0","8"
"Food App Development","0","0","8"
"Generative AI Solutions","0","0","8"
"best app development company","0","0","8"
"Telegram Mini Apps","0","0","8"
"AI-driven solutions","0","0","8"
"Mobile App Development Company in Dubai - Code Brew Labs","0","0","8"
"AI app development in 2026","0","0","8"
"hire ChatGPT developers","0","0","8"
"ecommerce development company in Dubai","0","0","8"
"food delivery app development solutions","0","0","8"
"CB Food","0","0","8"
"build a dating app","0","0","8"
"ecommerce development Dubai","0","0","8"
"mobile app development company Abu Dhabi","0","0","8"
"Top Marketplace App Development Company","0","0","8"
"video streaming app development company","0","0","8"
"Uber clone app","0","0","8"
"https://www.code-brew.com/hire-app-developer/","0","0","8"
"Web Development","0","0","8"
"hire iOS developer","0","0","8"
"AI dating app development","0","0","8"
"https://www.code-brew.com/food-delivery-app-development-company/","0","0","8"
"AI Real Estate App Development","0","0","8"
"mobile app development services","0","0","8"
"most famous Uber clone app development company","0","0","7"
"OTT platform development company","0","0","7"
"Smart Contract","0","0","7"
"ERP","0","0","7"
"Dating & Social Media","0","0","7"
"Wallet Development","0","0","7"
"www.code-brew.com/hire-mobile-app-developers-dubai/","0","0","7"
"AI development companies in Dubai","0","0","7"
"SaaS application development","0","0","7"
"ICO Development","0","0","7"
"Code Brew Labs- Best Elearning App Development Company","0","0","7"
"CB Apps","0","0","7"
"Dating App","0","0","7"
"Pharmacy","0","0","7"
"story","0","0","7"
"Nutrition app","0","0","7"
"AI development company in 2026","0","0","7"
"AI integrations","0","0","7"
"www.code-brew.com/real-estate-tokenization/","0","0","7"
"https://www.code-brew.com/hire-mobile-app-developers-dubai/","0","0","7"
"Rideshare","0","0","7"
"Online Marketplace","0","0","7"
"machine learning integration","0","0","7"
"CB Rides","0","0","7"
"OTT","0","0","7"
"Live Demos","0","0","7"
"here","0","0","7"
"Video Streaming","0","0","7"
"Sports Betting","0","0","7"
"CB Consult","0","0","7"
"AI Real Estate app development services","0","0","7"
"Telemedicine","0","0","7"
"Social Media","0","0","7"
"Generative AI Development","0","0","7"
"App Development Dubai , UAE | Code Brew Labs","0","0","7"
"public","0","0","7"
"Taxi Booking","0","0","7"
"CB Orders","0","0","7"
"Wallet","0","0","7"
"mobile app development company in the USA","0","0","7"
"real estate app development services","0","0","7"
"healthcare app development in 2026","0","0","7"
"Grocery Delivery App development","0","0","7"
"Custom dating app development","0","0","7"
"Pickup & Delivery","0","0","7"
"Software Development","0","0","7"
"CB Dispatcher","0","0","7"
"Fantasy & Betting","0","0","7"
"https://www.code-brew.com/ubereats-clone/","0","0","7"
"Android app development Dubai","0","0","7"
"Asset Tokenization","0","0","7"
"CB Tensor AI","0","0","7"
"mobile app development company in Bahrain","0","0","7"
"Flutter App Development","0","0","6"
"AI mobile app development","0","0","6"
"dating app development company in the USA","0","0","6"
"Social Media App Development Company","0","0","6"
"grocery delivery app development company","0","0","6"
"elearning app development services","0","0","6"
"View Case Study","0","0","6"
"cost of AI development","0","0","6"
"Fantasy app","0","0","6"
"Yoga & Medition","0","0","6"
"Logistics & Delivery","0","0","6"
"healthcare software development","0","0","6"
"Code-Brew","0","0","6"
"AI pharmacy delivery app development company in Dubai","0","0","6"
"Home Services","0","0","6"
"Insurance App","0","0","6"
"Adaptive AI Development","0","0","6"
"food delivery software","0","0","6"
"dating app development services","0","0","6"
"AI grocery app development company in Dubai","0","0","6"
"AI custom social media app development company in Dubai","0","0","6"
"https://www.code-brew.com/financial-software-development/","0","0","6"
"taxi app development services","0","0","6"
"E-learning","0","0","6"
"About Us","0","0","6"
"AI app development company in the USA","0","0","6"
"AI Virtual Companion","0","0","6"
"How to Create Your Own App in 2024","0","0","6"
"AI healthcare app development companies","0","0","6"
"SaaS product development company","0","0","6"
"Lorem ipsum dolor sit amet, consectetur adipiscing elit.","0","0","6"
"SaaS product development","0","0","6"
"Return Policy","0","0","6"
"mobile app development company in the UAE","0","0","6"
"Cross Platform App Development","0","0","6"
"Artificial intelligence","0","0","6"
"Ideation & Design","0","0","6"
"E-commerce App","0","0","6"
"Food Delivery","0","0","6"
"AI online consultation app development company in Dubai","0","0","6"
"best mobile app development company","0","0","6"
"best delivery management software","0","0","6"
"https://www.code-brew.com/blockchain-solutions/cryptocurrency-wallet-development-company/","0","0","6"
"Build an App","0","0","6"
"Terms & conditions","0","0","6"
"On Demand Delivery","0","0","6"
"leading AI taxi app development company in Dubai,","0","0","6"
"best generative AI development services","0","0","5"
"AI dating app development company","0","0","5"
"on-demand delivery app","0","0","5"
"app development company in UAE","0","0","5"
"Travel & Transport","0","0","5"
"white label app solution","0","0","5"
"AI agent development","0","0","5"
"uber like app","0","0","5"
"casino app development services","0","0","5"
"UI/UX","0","0","5"
"https://code-brew.com","0","0","5"
"Dating app developers","0","0","5"
"Service","0","0","5"
"Hire app developer","0","0","5"
"app development company Abu Dhabi","0","0","5"
"AI solutions","0","0","5"
"Healthcare","0","0","5"
"Contact Us","0","0","5"
"Generative AI applications","0","0","5"
"AI healthcare software development services in Dubai","0","0","5"
"creating a fitness app","0","0","5"
"top-rated mobile app development companies in the USA","0","0","5"
"create a real estate app","0","0","5"
"AI-powered applications","0","0","5"
"creating a taxi app","0","0","5"
"On-Demand","0","0","5"
"Real Estate Tokenization Services | Real Estate Tokenization Company","0","0","5"
"growth","0","0","5"
"GenAI application development services","0","0","5"
"https://www.code-brew.com/social-media-app-development/","0","0","5"
"AI automation agency","0","0","5"
"Taxi & Transportation","0","0","5"
"Build a real estate app","0","0","5"
"https://www.code-brew.com/cryptocurrency-exchange-development-company/#utm_source=Arun&utm_campaign=Arun","0","0","5"
"Ecommerce app development in Dubai","0","0","5"
"About","0","0","5"
"machine learning algorithms","0","0","5"
"create an app","0","0","5"
"AI application development services","0","0","5"
"AI-powered mobile app development","0","0","5"
"AI-powered healthcare applications","0","0","5"
"On-demand model","0","0","5"
"https://www.code-brew.com/#utm_source=Arun&utm_campaign=Arun","0","0","5"
"app development company in the UAE","0","0","5"
"Privacy","0","0","5"
"AI healthcare app development","0","0","5"
"dating app development company in USA","0","0","5"
"best AI development company","0","0","5"
"Machine learning solutions","0","0","5"
"intelligent chatbots","0","0","4"
"Uber-like app development","0","0","4"
"natural language processing (NLP)","0","0","4"
"how to create an app","0","0","4"
"AI-powered healthcare app development","0","0","4"
"uber clone apps","0","0","4"
"create grocery app","0","0","4"
"Gojek clone app","0","0","4"
"cost of AI app development in Dubai","0","0","4"
"AI-driven dating app development","0","0","4"
"Grocery App Development","0","0","4"
"top AI development company","0","0","4"
"Code Brew Labs - AI Voice Assistant Development Guide","0","0","4"
"AI FinTech development company","0","0","4"
"healthcare app development services","0","0","4"
"on-demand app development services","0","0","4"
"app development in Dubai","0","0","4"
"SaaS Business Model for Tech Startups in 2023: A Beginner's Guide ...","0","0","4"
"How To Create On-Demand Home Services Booking Apps Like Handyman, Thumbtack, and TaskRabbit?","0","0","4"
"best fitness app development","0","0","4"
"https://www.code-brew.com/gojek-clone/","0","0","4"
"Refund Policy","0","0","4"
"The Role of AI and ML in Custom Software Development","0","0","4"
"custom fintech app development company","0","0","4"
"TikTok clone","0","0","4"
"hire mobile app developer","0","0","4"
"verified_user","0","0","4"
"AI application development company","0","0","4"
"delivery management software","0","0","4"
"Visit","0","0","4"
"AI grocery delivery app development company","0","0","4"
"AI healthcare app developers","0","0","4"
"app development UAE","0","0","4"
"Doordash","0","0","4"
"real estate apps","0","0","4"
"AI-driven healthcare apps","0","0","4"
"Code Brew Lab","0","0","4"
"mobile app development firm","0","0","4"
"smart contract development","0","0","4"
"AI-powered fintech solutions","0","0","4"
"AI chatbot development services","0","0","4"
"leading AI Uber-like app development company in Dubai","0","0","4"
"Saas app development company","0","0","4"
"top 10 mobile app development companies in Dubai","0","0","4"
"AI healthcare software development","0","0","4"
"Artificial Intelligence in Mobile Application","0","0","4"
"AI healthcare app","0","0","4"
"project manager","0","0","4"
"AI development company in the USA","0","0","4"
"AI development service","0","0","4"
"healthcare development companies of 2026","0","0","4"
"trusted dating app development companies worldwide","0","0","4"
"best mobile app development company in Dubai","0","0","4"
"machine learning models","0","0","4"
"OTT app development company","0","0","4"
"Terms of use","0","0","4"
"Zomato","0","0","4"
"premium mobile app development company in UAE","0","0","4"
"real estate mobile app development","0","0","4"
"generative AI development company","0","0","4"
"AI taxi app development company","0","0","4"
"Custom mobile app development","0","0","4"
"grocery app development services","0","0","4"
"top app development companies in Dubai","0","0","4"
"top dating app development company","0","0","4"
"make an ecommerce app","0","0","4"
"AI development companies in the UAE","0","0","4"
"mobile app development companies in Abu Dhabi","0","0","4"
"AI-powered apps","0","0","4"
"AI logistics app development company in Dubai","0","0","4"
"fintech app development services","0","0","4"
"SaaS development services","0","0","4"
"on-demand fitness app developmen","0","0","4"
"Chatbots","0","0","4"
"custom food delivery application development","0","0","4"
"AI-powered app development","0","0","4"
"AI app developers","0","0","4"
"food delivery app development company","0","0","4"
"fitness app development services","0","0","4"
"create a laundry app","0","0","4"
"gaming app development company","0","0","3"
"Real Estate Mobile App Development Company","0","0","3"
"AI-driven app development","0","0","3"
"leading fintech app development company","0","0","3"
"https://www.code-brew.com/how-generative-ai-for-logistics-and-supply-chain-is-transforming-the-industry-in-2025/","0","0","3"
"AI machine learning","0","0","3"
"marketplace development","0","0","3"
"Terms","0","0","3"
"Gojek clone","0","0","3"
"Henry Pol","0","0","3"
"building a successful dating app","0","0","3"
"top-rated mobile app development company","0","0","3"
"generative AI,","0","0","3"
"best artificial intelligence development companies","0","0","3"
"AI-Powered Chatbot development Company","0","0","3"
"Watch Now","0","0","3"
"app development compan","0","0","3"
"building a dating app,","0","0","3"
"Top 10 Dating App Development Companies in 2026","0","0","3"
"NFT Development","0","0","3"
"social media app development","0","0","3"
"top dating app development companies in California","0","0","3"
"AI healthcare software development services","0","0","3"
"app development agency","0","0","3"
"leading AI-based mobile app development Company in Dubai","0","0","3"
"AI Development Company in USA","0","0","3"
"fitness app","0","0","3"
"top fintech software development company","0","0","3"
"10 trusted AI development companies","0","0","3"
"Marketplace and platform solutions","0","0","3"
"healthcare app development in the UAE","0","0","3"
"AI development companies shaping the future of Dubai","0","0","3"
"Premium App Development","0","0","3"
"intelligent mobile","0","0","3"
"Uber-like app development company in Dubai","0","0","3"
"leading AI Grocery Delivery development company","0","0","3"
"restaurant app development services","0","0","3"
"AI beauty app development company in Dubai,","0","0","3"
"Top healthcare app development companies","0","0","3"
"AI integration development","0","0","3"
"AI-powered automation solutions","0","0","3"
"reliable AI development company","0","0","3"
"AI real estate app development company in Dubai ,","0","0","3"
"healthcare software development company services","0","0","3"
"8 reliable dating app development companies in Dubai","0","0","3"
"Fintech and banking","0","0","3"
"A Comprehensive Guide to Custom Software Development for 2025","0","0","3"
"AI-powered fitness app development company","0","0","3"
"AI Uber-like app development company in UAE ,","0","0","3"
"Building a dating app","0","0","3"
"On-demand app development service","0","0","3"
"Healthcare apps","0","0","3"
"eLearning software development","0","0","3"
"healthcare app development services in the USA","0","0","3"
"Real Estate Platform","0","0","3"
"real estate app solutions","0","0","3"
"AI models","0","0","3"
"www.code-brew.com/financial-software-development/","0","0","3"
"Hire our team","0","0","3"
"AI-powered mobile apps","0","0","3"
"AI integration development agency","0","0","3"
"Top ChatGPT Development Company","0","0","3"
"Custom AI development","0","0","3"
"OTT app development","0","0","3"
"AI integration Development company","0","0","3"
"Grocery App Development Company","0","0","3"
"AI Beauty Salon App Development","0","0","3"
"top-tier healthcare app development company","0","0","3"
"Got an AI startup app idea? Let’s Turn it into a Scalable, Revenue-Generating Business.  Book A Free 30-minute AI strategy Call with me, and let’s Turn Your Vision into the next AI success Story!","0","0","3"
"Launch Your Own Fitness App","0","0","3"
"AI integration service","0","0","3"
"Dating App Development Companies in Dubai","0","0","3"
"machine learning,","0","0","3"
"Peer-to-peer (P2P) marketplace","0","0","3"
"create real estate app","0","0","3"
"Dietary","0","0","3"
"10 best healthcare app development services in the UAE for 2026","0","0","3"
"https://www.code-brew.com/ai-app-development/","0","0","3"
"AI logistics app development companies in Dubai","0","0","3"
"top AI healthcare app development companies","0","0","3"
"AI fitness app developers in Dubai","0","0","3"
"top education app development company","0","0","3"
"best SaaS development company","0","0","3"
"develop astrology app","0","0","3"
